"No.","Time","Source","Destination","Protocol","Length","Info"
"1","0.000000000","fe80::5f44:20b3:b13b:1b3b","ff02::fb","MDNS","238","Standard query 0x0000 PTR _nfs._tcp.local, ""QM"" question PTR _ipp._tcp.local, ""QM"" question PTR _ipps._tcp.local, ""QM"" question PTR _nmea-0183._tcp.local, ""QM"" question PTR _pgpkey-hkp._tcp.local, ""QM"" question PTR _ftp._tcp.local, ""QM"" question PTR _webdav._tcp.local, ""QM"" question PTR _webdavs._tcp.local, ""QM"" question PTR _sftp-ssh._tcp.local, ""QM"" question PTR _smb._tcp.local, ""QM"" question PTR _afpovertcp._tcp.local, ""QM"" question"
"2","0.024730030","192.168.1.154","224.0.0.251","MDNS","218","Standard query 0x0000 PTR _nfs._tcp.local, ""QM"" question PTR _ipp._tcp.local, ""QM"" question PTR _ipps._tcp.local, ""QM"" question PTR _nmea-0183._tcp.local, ""QM"" question PTR _pgpkey-hkp._tcp.local, ""QM"" question PTR _ftp._tcp.local, ""QM"" question PTR _webdav._tcp.local, ""QM"" question PTR _webdavs._tcp.local, ""QM"" question PTR _sftp-ssh._tcp.local, ""QM"" question PTR _smb._tcp.local, ""QM"" question PTR _afpovertcp._tcp.local, ""QM"" question"
"3","2.392678967","192.168.1.154","104.26.3.5","TCP","66","47162  >  443 [ACK] Seq=1 Ack=1 Win=501 Len=0 TSval=2692199776 TSecr=235041011"
"4","2.431207561","104.26.3.5","192.168.1.154","TCP","66","[TCP ACKed unseen segment] 443  >  47162 [ACK] Seq=1 Ack=2 Win=8 Len=0 TSval=235086041 TSecr=2692199776"
"5","4.079528687","Teltonik_27:e8:5c","IntelCor_ad:4f:1c","ARP","42","Who has 192.168.1.154? Tell 192.168.1.1"
"6","4.079536422","IntelCor_ad:4f:1c","Teltonik_27:e8:5c","ARP","42","192.168.1.154 is at 98:3b:8f:ad:4f:1c"
"7","5.124568413","192.168.1.154","192.168.1.1","DNS","85","Standard query 0x4edf A api.github.com OPT"
"8","5.124664743","192.168.1.154","192.168.1.1","DNS","85","Standard query 0xd277 AAAA api.github.com OPT"
"9","5.128743909","192.168.1.1","192.168.1.154","DNS","85","Standard query response 0xd277 AAAA api.github.com OPT"
"10","5.159428508","192.168.1.1","192.168.1.154","DNS","101","Standard query response 0x4edf A api.github.com A 140.82.121.6 OPT"
"11","5.159892400","192.168.1.154","140.82.121.6","TCP","74","33644  >  443 [SYN] Seq=0 Win=64240 Len=0 MSS=1460 SACK_PERM=1 TSval=881358494 TSecr=0 WS=128"
"12","5.197356004","140.82.121.6","192.168.1.154","TCP","74","443  >  33644 [SYN, ACK] Seq=0 Ack=1 Win=65535 Len=0 MSS=1300 SACK_PERM=1 TSval=3293999077 TSecr=881358494 WS=1024"
"13","5.197428047","192.168.1.154","140.82.121.6","TCP","66","33644  >  443 [ACK] Seq=1 Ack=1 Win=64256 Len=0 TSval=881358531 TSecr=3293999077"
"14","5.197991323","192.168.1.154","140.82.121.6","TLSv1.3","583","Client Hello"
"15","5.200973736","145.74.104.31","192.168.1.154","TCP","66","443  >  34344 [ACK] Seq=1 Ack=1 Win=501 Len=0 TSval=1157033096 TSecr=4288120939"
"16","5.213584452","192.168.1.154","192.168.1.1","DNS","85","Standard query 0xf266 AAAA api.github.com OPT"
"17","5.216006410","192.168.1.1","192.168.1.154","DNS","85","Standard query response 0xf266 AAAA api.github.com OPT"
"18","5.216776175","192.168.1.154","140.82.121.6","TCP","74","33646  >  443 [SYN] Seq=0 Win=64240 Len=0 MSS=1460 SACK_PERM=1 TSval=881358551 TSecr=0 WS=128"
"19","5.259793729","140.82.121.6","192.168.1.154","TCP","74","443  >  33646 [SYN, ACK] Seq=0 Ack=1 Win=65535 Len=0 MSS=1300 SACK_PERM=1 TSval=2925095881 TSecr=881358551 WS=1024"
"20","5.259804370","140.82.121.6","192.168.1.154","TLSv1.3","2642","Server Hello, Change Cipher Spec, Application Data"
"21","5.259872486","192.168.1.154","140.82.121.6","TCP","66","33644  >  443 [ACK] Seq=518 Ack=2577 Win=61696 Len=0 TSval=881358594 TSecr=3293999126"
"22","5.259904393","192.168.1.154","140.82.121.6","TCP","66","33646  >  443 [ACK] Seq=1 Ack=1 Win=64256 Len=0 TSval=881358594 TSecr=2925095881"
"23","5.259804652","140.82.121.6","192.168.1.154","TLSv1.3","303","Application Data, Application Data, Application Data"
"24","5.259928693","192.168.1.154","140.82.121.6","TCP","66","33644  >  443 [ACK] Seq=518 Ack=2814 Win=61568 Len=0 TSval=881358594 TSecr=3293999126"
"25","5.269466397","192.168.1.154","140.82.121.6","TLSv1.3","130","Change Cipher Spec, Application Data"
"26","5.269925534","192.168.1.154","140.82.121.6","TLSv1.3","583","Client Hello"
"27","5.270102921","192.168.1.154","140.82.121.6","TLSv1.3","298","Application Data"
"28","5.316432628","140.82.121.6","192.168.1.154","TLSv1.3","145","Application Data"
"29","5.316446284","140.82.121.6","192.168.1.154","TLSv1.3","2642","Server Hello, Change Cipher Spec, Application Data"
"30","5.316432898","140.82.121.6","192.168.1.154","TLSv1.3","145","Application Data"
"31","5.316433007","140.82.121.6","192.168.1.154","TLSv1.3","130","Application Data"
"32","5.316493624","192.168.1.154","140.82.121.6","TCP","66","33646  >  443 [ACK] Seq=518 Ack=2577 Win=61696 Len=0 TSval=881358650 TSecr=2925095941"
"33","5.316446586","140.82.121.6","192.168.1.154","TLSv1.3","303","Application Data, Application Data, Application Data"
"34","5.316542784","192.168.1.154","140.82.121.6","TCP","66","33646  >  443 [ACK] Seq=518 Ack=2814 Win=61568 Len=0 TSval=881358650 TSecr=2925095941"
"35","5.317079371","192.168.1.154","140.82.121.6","TCP","66","33644  >  443 [ACK] Seq=814 Ack=3036 Win=64128 Len=0 TSval=881358651 TSecr=3293999188"
"36","5.318362652","140.82.121.6","192.168.1.154","TCP","66","[TCP Dup ACK 31#1] 443  >  33644 [ACK] Seq=3036 Ack=814 Win=68608 Len=0 TSval=3293999197 TSecr=881358604"
"37","5.318393922","192.168.1.154","140.82.121.6","TLSv1.3","97","Application Data"
"38","5.324555584","192.168.1.154","140.82.121.6","TLSv1.3","130","Change Cipher Spec, Application Data"
"39","5.324731540","192.168.1.154","140.82.121.6","TLSv1.3","302","Application Data"
"40","5.374937214","140.82.121.6","192.168.1.154","TLSv1.3","145","Application Data"
"41","5.374937616","140.82.121.6","192.168.1.154","TLSv1.3","145","Application Data"
"42","5.375239886","192.168.1.154","140.82.121.6","TCP","66","33646  >  443 [ACK] Seq=818 Ack=2972 Win=64128 Len=0 TSval=881358709 TSecr=2925096005"
"43","5.380684254","140.82.121.6","192.168.1.154","TLSv1.3","130","Application Data"
"44","5.381464596","192.168.1.154","140.82.121.6","TLSv1.3","97","Application Data"
"45","5.415816578","140.82.121.6","192.168.1.154","TCP","66","443  >  33644 [ACK] Seq=3036 Ack=845 Win=68608 Len=0 TSval=3293999293 TSecr=881358652"
"46","5.466177899","140.82.121.6","192.168.1.154","TCP","66","443  >  33646 [ACK] Seq=3036 Ack=849 Win=68608 Len=0 TSval=2925096097 TSecr=881358715"
"47","5.537616488","140.82.121.6","192.168.1.154","TCP","1354","443  >  33644 [ACK] Seq=3036 Ack=845 Win=68608 Len=1288 TSval=3293999415 TSecr=881358652 [TCP segment of a reassembled PDU]"
"48","5.541385502","140.82.121.6","192.168.1.154","TLSv1.3","420","Application Data, Application Data"
"49","5.541623845","192.168.1.154","140.82.121.6","TCP","66","33644  >  443 [ACK] Seq=845 Ack=4678 Win=64128 Len=0 TSval=881358876 TSecr=3293999415"
"50","5.638088548","140.82.121.6","192.168.1.154","TLSv1.3","1708","Application Data, Application Data"
"51","5.638423301","192.168.1.154","140.82.121.6","TCP","66","33646  >  443 [ACK] Seq=849 Ack=4678 Win=64128 Len=0 TSval=881358972 TSecr=2925096260"
"52","6.726784704","Teltonik_27:e8:5c","Broadcast","ARP","42","Who has 192.168.1.149? Tell 192.168.1.1"
"53","7.131101753","192.168.1.154","192.168.1.1","DNS","103","Standard query 0x887b A mobile.events.data.microsoft.com OPT"
"54","7.131416938","192.168.1.154","192.168.1.1","DNS","103","Standard query 0xe9c3 HTTPS mobile.events.data.microsoft.com OPT"
"55","7.148189583","192.168.1.1","192.168.1.154","DNS","226","Standard query response 0x887b A mobile.events.data.microsoft.com CNAME mobile.events.data.trafficmanager.net CNAME onedscolprdeus05.eastus.cloudapp.azure.com A 20.42.65.85 OPT"
"56","7.154570686","192.168.1.154","20.42.65.85","TCP","74","60788  >  443 [SYN] Seq=0 Win=64240 Len=0 MSS=1460 SACK_PERM=1 TSval=3938731213 TSecr=0 WS=128"
"57","7.189092443","192.168.1.1","192.168.1.154","DNS","268","Standard query response 0xe9c3 HTTPS mobile.events.data.microsoft.com CNAME mobile.events.data.trafficmanager.net CNAME onedscolprdeus05.eastus.cloudapp.azure.com SOA ns1-201.azure-dns.com OPT"
"58","7.189878913","192.168.1.154","192.168.1.1","DNS","113","Standard query 0x8e06 HTTPS onedscolprdeus05.eastus.cloudapp.azure.com OPT"
"59","7.228386758","192.168.1.1","192.168.1.154","DNS","184","Standard query response 0x8e06 HTTPS onedscolprdeus05.eastus.cloudapp.azure.com SOA ns1-201.azure-dns.com OPT"
"60","7.279546107","20.42.65.85","192.168.1.154","TCP","74","443  >  60788 [SYN, ACK] Seq=0 Ack=1 Win=65535 Len=0 MSS=1300 WS=256 SACK_PERM=1 TSval=256876527 TSecr=3938731213"
"61","7.279645843","192.168.1.154","20.42.65.85","TCP","66","60788  >  443 [ACK] Seq=1 Ack=1 Win=64256 Len=0 TSval=3938731339 TSecr=256876527"
"62","7.280348408","192.168.1.154","20.42.65.85","TLSv1.3","583","Client Hello"
"63","7.552020604","20.42.65.85","192.168.1.154","TLSv1.3","165","Hello Retry Request, Change Cipher Spec"
"64","7.552089462","192.168.1.154","20.42.65.85","TCP","66","60788  >  443 [ACK] Seq=518 Ack=100 Win=64256 Len=0 TSval=3938731611 TSecr=256876655"
"65","7.554586221","192.168.1.154","20.42.65.85","TLSv1.3","557","Change Cipher Spec, Client Hello"
"66","7.697115797","192.168.1.154","192.168.1.1","DNS","113","Standard query 0x9541 AAAA onedscolprdeus05.eastus.cloudapp.azure.com OPT"
"67","7.701186053","20.42.65.85","192.168.1.154","TLSv1.3","1354","Server Hello"
"68","7.707450127","20.42.65.85","192.168.1.154","TCP","1354","443  >  60788 [ACK] Seq=1388 Ack=1009 Win=4193792 Len=1288 TSval=256876932 TSecr=3938731614 [TCP segment of a reassembled PDU]"
"69","7.707526089","192.168.1.154","20.42.65.85","TCP","66","60788  >  443 [ACK] Seq=1009 Ack=2676 Win=64128 Len=0 TSval=3938731766 TSecr=256876932"
"70","7.708292976","192.168.1.1","192.168.1.154","DNS","113","Standard query response 0x9541 AAAA onedscolprdeus05.eastus.cloudapp.azure.com OPT"
"71","7.708298963","20.42.65.85","192.168.1.154","TLSv1.3","3820","Application Data"
"72","7.708357424","192.168.1.154","20.42.65.85","TCP","66","60788  >  443 [ACK] Seq=1009 Ack=6430 Win=64128 Len=0 TSval=3938731767 TSecr=256876932"
"73","7.708946171","192.168.1.154","20.42.65.85","TCP","74","60800  >  443 [SYN] Seq=0 Win=64240 Len=0 MSS=1460 SACK_PERM=1 TSval=3938731768 TSecr=0 WS=128"
"74","7.712030150","192.168.1.154","20.42.65.85","TLSv1.3","140","Application Data"
"75","7.712288981","192.168.1.154","20.42.65.85","TLSv1.3","164","Application Data"
"76","7.712540731","192.168.1.154","20.42.65.85","TLSv1.3","536","Application Data"
"77","7.712657745","192.168.1.154","20.42.65.85","TCP","2642","60788  >  443 [PSH, ACK] Seq=1651 Ack=6430 Win=64128 Len=2576 TSval=3938731772 TSecr=256876932 [TCP segment of a reassembled PDU]"
"78","7.712684473","192.168.1.154","20.42.65.85","TCP","2642","60788  >  443 [PSH, ACK] Seq=4227 Ack=6430 Win=64128 Len=2576 TSval=3938731772 TSecr=256876932 [TCP segment of a reassembled PDU]"
"79","7.713507787","192.168.1.154","20.42.65.85","TLSv1.3","1773","Application Data"
"80","7.957118195","20.42.65.85","192.168.1.154","TCP","74","443  >  60800 [SYN, ACK] Seq=0 Ack=1 Win=65535 Len=0 MSS=1300 WS=256 SACK_PERM=1 TSval=1313882 TSecr=3938731768"
"81","7.957193367","192.168.1.154","20.42.65.85","TCP","66","60800  >  443 [ACK] Seq=1 Ack=1 Win=64256 Len=0 TSval=3938732016 TSecr=1313882"
"82","7.958251577","192.168.1.154","20.42.65.85","TLSv1.3","583","Client Hello"
"83","7.963193909","20.42.65.85","192.168.1.154","TCP","66","443  >  60788 [ACK] Seq=6430 Ack=1181 Win=4193792 Len=0 TSval=256877092 TSecr=3938731772"
"84","7.963940456","20.42.65.85","192.168.1.154","TLSv1.3","169","Application Data"
"85","7.963940704","20.42.65.85","192.168.1.154","TLSv1.3","128","Application Data"
"86","7.964138943","192.168.1.154","20.42.65.85","TCP","66","60788  >  443 [ACK] Seq=8510 Ack=6595 Win=64128 Len=0 TSval=3938732023 TSecr=256877094"
"87","7.964266338","20.42.65.85","192.168.1.154","TLSv1.3","97","Application Data"
"88","7.964499642","192.168.1.154","20.42.65.85","TLSv1.3","97","Application Data"
"89","7.972436794","20.42.65.85","192.168.1.154","TCP","66","443  >  60788 [ACK] Seq=6626 Ack=4227 Win=4194816 Len=0 TSval=256877105 TSecr=3938731772"
"90","7.972437176","20.42.65.85","192.168.1.154","TCP","66","443  >  60788 [ACK] Seq=6626 Ack=5515 Win=4194816 Len=0 TSval=256877114 TSecr=3938731772"
"91","7.972437301","20.42.65.85","192.168.1.154","TCP","66","443  >  60788 [ACK] Seq=6626 Ack=6803 Win=4194816 Len=0 TSval=256877118 TSecr=3938731772"
"92","7.972437438","20.42.65.85","192.168.1.154","TCP","66","443  >  60788 [ACK] Seq=6626 Ack=8091 Win=4194816 Len=0 TSval=256877125 TSecr=3938731772"
"93","7.972437562","20.42.65.85","192.168.1.154","TLSv1.3","347","Application Data"
"94","8.012612349","192.168.1.154","20.42.65.85","TCP","66","60788  >  443 [ACK] Seq=8541 Ack=6907 Win=64128 Len=0 TSval=3938732072 TSecr=256877180"
"95","8.090757507","20.42.65.85","192.168.1.154","TLSv1.3","165","Hello Retry Request, Change Cipher Spec"
"96","8.090824219","192.168.1.154","20.42.65.85","TCP","66","60800  >  443 [ACK] Seq=518 Ack=100 Win=64256 Len=0 TSval=3938732150 TSecr=1314141"
"97","8.094848542","192.168.1.154","20.42.65.85","TLSv1.3","503","Change Cipher Spec, Client Hello"
"98","8.266012006","20.42.65.85","192.168.1.154","TLSv1.3","4597","Server Hello, Application Data"
"99","8.266342521","192.168.1.154","20.42.65.85","TCP","66","60800  >  443 [ACK] Seq=955 Ack=4631 Win=64128 Len=0 TSval=3938732325 TSecr=1314304"
"100","8.272700032","192.168.1.154","20.42.65.85","TLSv1.3","1821","Application Data, Application Data"
"101","8.296495023","20.42.65.85","192.168.1.154","TCP","66","443  >  60788 [ACK] Seq=6907 Ack=8541 Win=4194560 Len=0 TSval=256877555 TSecr=3938732072"
"102","8.391817512","20.42.65.85","192.168.1.154","TLSv1.3","169","Application Data"
"103","8.420310147","20.42.65.85","192.168.1.154","TLSv1.3","530","Application Data"
"104","8.420389043","192.168.1.154","20.42.65.85","TCP","66","60800  >  443 [ACK] Seq=2710 Ack=5199 Win=63616 Len=0 TSval=3938732479 TSecr=1314431"
"105","8.423456023","192.168.1.154","20.42.65.85","TLSv1.3","90","Application Data"
"106","8.423644274","192.168.1.154","20.42.65.85","TCP","66","60800  >  443 [FIN, ACK] Seq=2734 Ack=5199 Win=64128 Len=0 TSval=3938732483 TSecr=1314431"
"107","8.584667306","192.168.1.154","142.250.179.214","TCP","66","57876  >  443 [ACK] Seq=1 Ack=1 Win=501 Len=0 TSval=2772843442 TSecr=490602754"
"108","8.599618940","20.42.65.85","192.168.1.154","TCP","66","[TCP Dup ACK 103#1] 443  >  60800 [ACK] Seq=5199 Ack=2710 Win=4194304 Len=0 TSval=1314583 TSecr=3938732483"
"109","8.600504571","20.42.65.85","192.168.1.154","TCP","66","443  >  60800 [ACK] Seq=5199 Ack=2735 Win=4194304 Len=0 TSval=1314591 TSecr=3938732483"
"110","8.608950615","142.250.179.214","192.168.1.154","TCP","66","[TCP ACKed unseen segment] 443  >  57876 [ACK] Seq=1 Ack=2 Win=261 Len=0 TSval=490647795 TSecr=2772843442"
"111","8.774662527","Teltonik_27:e8:5c","Broadcast","ARP","42","Who has 192.168.1.149? Tell 192.168.1.1"
"112","9.798619136","Teltonik_27:e8:5c","Broadcast","ARP","42","Who has 192.168.1.149? Tell 192.168.1.1"
"113","10.192399039","192.168.1.154","52.97.170.34","UDP","1292","60557  >  443 Len=1250"
"114","10.192544476","192.168.1.154","52.97.170.34","UDP","1292","60557  >  443 Len=1250"
"115","10.192647465","192.168.1.154","52.97.170.34","UDP","431","60557  >  443 Len=389"
"116","10.319450028","52.97.170.34","192.168.1.154","UDP","75","443  >  60557 Len=33"
"117","10.320296732","52.97.170.34","192.168.1.154","UDP","69","443  >  60557 Len=27"
"118","10.322590391","52.97.170.34","192.168.1.154","UDP","868","443  >  60557 Len=826"
"119","10.323149025","192.168.1.154","52.97.170.34","UDP","84","60557  >  443 Len=42"
"120","10.325409910","52.97.170.34","192.168.1.154","UDP","69","443  >  60557 Len=27"
"121","10.334591168","192.168.1.154","52.97.170.34","UDP","81","60557  >  443 Len=39"
"122","10.382858211","52.97.170.34","192.168.1.154","UDP","72","443  >  60557 Len=30"
"123","10.390354360","192.168.1.154","52.97.170.34","UDP","81","60557  >  443 Len=39"
"124","10.580637680","192.168.1.154","172.217.23.206","TCP","66","35260  >  443 [ACK] Seq=1 Ack=1 Win=501 Len=0 TSval=726084614 TSecr=1450972922"
"125","10.580655628","192.168.1.154","172.217.23.206","TCP","66","35252  >  443 [ACK] Seq=1 Ack=1 Win=501 Len=0 TSval=726084614 TSecr=2736448411"
"126","10.624354286","172.217.23.206","192.168.1.154","TCP","66","[TCP ACKed unseen segment] 443  >  35260 [ACK] Seq=1 Ack=2 Win=261 Len=0 TSval=1451018747 TSecr=726084614"
"127","10.642040967","172.217.23.206","192.168.1.154","TCP","66","[TCP ACKed unseen segment] 443  >  35252 [ACK] Seq=1 Ack=2 Win=261 Len=0 TSval=2736494500 TSecr=726084614"
"128","10.654015008","Teltonik_27:e8:5c","Broadcast","ARP","42","Who has 192.168.1.149? Tell 192.168.1.1"
"129","10.679431427","104.80.229.33","192.168.1.154","TLSv1.2","90","Application Data"
"130","10.679494314","192.168.1.154","104.80.229.33","TCP","66","50636  >  443 [ACK] Seq=1 Ack=25 Win=1183 Len=0 TSval=3462090087 TSecr=942145185"
"131","10.679795748","192.168.1.154","104.80.229.33","TCP","66","50636  >  443 [FIN, ACK] Seq=1 Ack=25 Win=1183 Len=0 TSval=3462090088 TSecr=942145185"
"132","10.683408326","104.80.229.33","192.168.1.154","TCP","66","443  >  50636 [FIN, ACK] Seq=25 Ack=1 Win=501 Len=0 TSval=942145185 TSecr=3462061317"
"133","10.683449005","192.168.1.154","104.80.229.33","TCP","66","50636  >  443 [ACK] Seq=2 Ack=26 Win=1183 Len=0 TSval=3462090091 TSecr=942145185"
"134","10.729060422","104.80.229.33","192.168.1.154","TCP","66","443  >  50636 [ACK] Seq=26 Ack=2 Win=501 Len=0 TSval=942145229 TSecr=3462090091"
"135","11.847126387","Teltonik_27:e8:5c","Broadcast","ARP","42","Who has 192.168.1.149? Tell 192.168.1.1"
"136","12.628752507","192.168.1.154","142.251.36.35","TCP","66","46924  >  443 [ACK] Seq=1 Ack=1 Win=501 Len=0 TSval=2097572704 TSecr=2585095565"
"137","12.628803071","192.168.1.154","142.250.179.202","TCP","66","47210  >  443 [ACK] Seq=1 Ack=1 Win=501 Len=0 TSval=357612105 TSecr=3785801140"
"138","12.656407134","142.251.36.35","192.168.1.154","TCP","66","[TCP ACKed unseen segment] 443  >  46924 [ACK] Seq=1 Ack=2 Win=261 Len=0 TSval=2585142165 TSecr=2097572704"
"139","12.660683577","142.250.179.202","192.168.1.154","TCP","66","[TCP ACKed unseen segment] 443  >  47210 [ACK] Seq=1 Ack=2 Win=261 Len=0 TSval=3785847835 TSecr=357612105"
"140","13.652662989","192.168.1.154","185.26.182.118","TCP","66","39372  >  443 [ACK] Seq=1 Ack=1 Win=501 Len=0 TSval=2579652155 TSecr=3904922182"
"141","13.685414117","185.26.182.118","192.168.1.154","TCP","66","[TCP ACKed unseen segment] 443  >  39372 [ACK] Seq=1 Ack=2 Win=83 Len=0 TSval=3904967248 TSecr=2579652155"
"142","14.676663121","192.168.1.154","82.145.216.16","TCP","66","44548  >  443 [ACK] Seq=1 Ack=1 Win=501 Len=0 TSval=4007829060 TSecr=1676091716"
"143","14.704602312","192.168.1.154","142.250.179.206","TCP","66","53924  >  443 [ACK] Seq=1 Ack=1 Win=501 Len=0 TSval=220973706 TSecr=3845033175"
"144","14.712591995","192.168.1.154","142.251.36.35","TCP","66","34824  >  443 [ACK] Seq=1 Ack=1 Win=501 Len=0 TSval=2097574788 TSecr=2550011582"
"145","14.712627466","192.168.1.154","142.251.36.46","TCP","66","52438  >  443 [ACK] Seq=1 Ack=1 Win=501 Len=0 TSval=1188343997 TSecr=3274140400"
"146","14.720590264","192.168.1.154","142.250.179.174","TCP","66","48538  >  443 [ACK] Seq=1 Ack=1 Win=501 Len=0 TSval=560884916 TSecr=1697636429"
"147","14.723756010","82.145.216.16","192.168.1.154","TCP","66","[TCP ACKed unseen segment] 443  >  44548 [ACK] Seq=1 Ack=2 Win=84 Len=0 TSval=1676137384 TSecr=4007829060"
"148","14.731773515","142.250.179.206","192.168.1.154","TCP","66","[TCP ACKed unseen segment] 443  >  53924 [ACK] Seq=1 Ack=2 Win=261 Len=0 TSval=3845078205 TSecr=220973706"
"149","14.747253668","142.251.36.35","192.168.1.154","TCP","66","[TCP ACKed unseen segment] 443  >  34824 [ACK] Seq=1 Ack=2 Win=261 Len=0 TSval=2550056612 TSecr=2097574788"
"150","14.755094552","142.251.36.46","192.168.1.154","TCP","66","[TCP ACKed unseen segment] 443  >  52438 [ACK] Seq=1 Ack=2 Win=261 Len=0 TSval=3274185430 TSecr=1188343997"
"151","14.760549071","142.250.179.174","192.168.1.154","TCP","66","[TCP ACKed unseen segment] 443  >  48538 [ACK] Seq=1 Ack=2 Win=261 Len=0 TSval=1697681471 TSecr=560884916"
"152","15.536758973","52.97.170.34","192.168.1.154","UDP","90","443  >  60557 Len=48"
"153","15.543933444","192.168.1.154","52.97.170.34","UDP","81","60557  >  443 Len=39"
"154","18.223011399","192.168.1.154","192.168.1.255","UDP","86","57621  >  57621 Len=44"
"155","18.640106459","192.168.1.154","34.111.115.192","TLSv1.2","109","Application Data"
"156","18.685705566","34.111.115.192","192.168.1.154","TLSv1.2","106","Application Data"
"157","18.685763599","192.168.1.154","34.111.115.192","TCP","66","33896  >  443 [ACK] Seq=44 Ack=41 Win=501 Len=0 TSval=1087400797 TSecr=2382764444"
"158","18.776776005","192.168.1.154","35.186.224.25","TCP","66","52130  >  443 [ACK] Seq=1 Ack=1 Win=501 Len=0 TSval=714040145 TSecr=166357421"
"159","18.776817176","192.168.1.154","151.101.39.42","TCP","66","36162  >  443 [ACK] Seq=1 Ack=1 Win=501 Len=0 TSval=3853148026 TSecr=2093789517"
"160","18.776844686","192.168.1.154","151.101.39.42","TCP","66","36146  >  443 [ACK] Seq=1 Ack=1 Win=501 Len=0 TSval=3853148026 TSecr=1599104827"
"161","18.776861245","192.168.1.154","142.251.36.1","TCP","66","58116  >  443 [ACK] Seq=1 Ack=1 Win=2312 Len=0 TSval=3476264337 TSecr=2072361803"
"162","18.811704443","151.101.39.42","192.168.1.154","TCP","66","[TCP ACKed unseen segment] 443  >  36162 [ACK] Seq=1 Ack=2 Win=281 Len=0 TSval=2093834579 TSecr=3853148026"
"163","18.814969641","35.186.224.25","192.168.1.154","TCP","66","[TCP ACKed unseen segment] 443  >  52130 [ACK] Seq=1 Ack=2 Win=261 Len=0 TSval=166402483 TSecr=714040145"
"164","18.827720883","151.101.39.42","192.168.1.154","TCP","66","[TCP ACKed unseen segment] 443  >  36146 [ACK] Seq=1 Ack=2 Win=284 Len=0 TSval=1599149897 TSecr=3853148026"
"165","18.828980177","142.251.36.1","192.168.1.154","TCP","66","[TCP ACKed unseen segment] 443  >  58116 [ACK] Seq=1 Ack=2 Win=270 Len=0 TSval=2072406873 TSecr=3476264337"
"166","20.160939055","192.168.1.154","192.168.1.1","DNS","110","Standard query 0x2f04 A copilot-telemetry.githubusercontent.com OPT"
"167","20.161172860","192.168.1.154","192.168.1.1","DNS","110","Standard query 0x1a12 AAAA copilot-telemetry.githubusercontent.com OPT"
"168","20.207880386","192.168.1.1","192.168.1.154","DNS","206","Standard query response 0x2f04 A copilot-telemetry.githubusercontent.com CNAME copilot-telemetry-service.githubusercontent.com CNAME glb-db52c2cf8be544.github.com A 140.82.114.21 OPT"
"169","20.211501369","192.168.1.1","192.168.1.154","DNS","255","Standard query response 0x1a12 AAAA copilot-telemetry.githubusercontent.com CNAME copilot-telemetry-service.githubusercontent.com CNAME glb-db52c2cf8be544.github.com SOA dns1.p08.nsone.net OPT"
"170","20.212173810","192.168.1.154","192.168.1.1","DNS","100","Standard query 0x579a AAAA glb-db52c2cf8be544.github.com OPT"
"171","20.218633026","192.168.1.1","192.168.1.154","DNS","100","Standard query response 0x579a AAAA glb-db52c2cf8be544.github.com OPT"
"172","20.219617445","192.168.1.154","140.82.114.21","TCP","74","47394  >  443 [SYN] Seq=0 Win=64240 Len=0 MSS=1460 SACK_PERM=1 TSval=1319163493 TSecr=0 WS=128"
"173","20.246840803","192.168.1.154","192.168.1.1","DNS","100","Standard query 0x7b34 AAAA glb-db52c2cf8be544.github.com OPT"
"174","20.269701325","192.168.1.1","192.168.1.154","DNS","100","Standard query response 0x7b34 AAAA glb-db52c2cf8be544.github.com OPT"
"175","20.270343166","192.168.1.154","140.82.114.21","TCP","74","47410  >  443 [SYN] Seq=0 Win=64240 Len=0 MSS=1460 SACK_PERM=1 TSval=1319163543 TSecr=0 WS=128"
"176","20.306769017","145.74.104.31","192.168.1.154","TCP","66","443  >  34344 [RST, ACK] Seq=1 Ack=1 Win=501 Len=0 TSval=1157048200 TSecr=4288120939"
"177","20.337679145","140.82.114.21","192.168.1.154","TCP","74","443  >  47394 [SYN, ACK] Seq=0 Ack=1 Win=65535 Len=0 MSS=1300 SACK_PERM=1 TSval=267764020 TSecr=1319163493 WS=1024"
"178","20.337748602","192.168.1.154","140.82.114.21","TCP","66","47394  >  443 [ACK] Seq=1 Ack=1 Win=64256 Len=0 TSval=1319163611 TSecr=267764020"
"179","20.338383413","192.168.1.154","140.82.114.21","TLSv1.3","583","Client Hello"
"180","20.399893632","140.82.114.21","192.168.1.154","TCP","74","443  >  47410 [SYN, ACK] Seq=0 Ack=1 Win=65535 Len=0 MSS=1300 SACK_PERM=1 TSval=3616177088 TSecr=1319163543 WS=1024"
"181","20.399964756","192.168.1.154","140.82.114.21","TCP","66","47410  >  443 [ACK] Seq=1 Ack=1 Win=64256 Len=0 TSval=1319163673 TSecr=3616177088"
"182","20.400596970","192.168.1.154","140.82.114.21","TLSv1.3","583","Client Hello"
"183","20.479587809","140.82.114.21","192.168.1.154","TLSv1.3","2642","Server Hello, Change Cipher Spec, Application Data"
"184","20.479658176","192.168.1.154","140.82.114.21","TCP","66","47394  >  443 [ACK] Seq=518 Ack=2577 Win=61696 Len=0 TSval=1319163753 TSecr=267764150"
"185","20.480495263","140.82.114.21","192.168.1.154","TLSv1.3","1062","Application Data, Application Data, Application Data"
"186","20.480538418","192.168.1.154","140.82.114.21","TCP","66","47394  >  443 [ACK] Seq=518 Ack=3573 Win=63104 Len=0 TSval=1319163753 TSecr=267764150"
"187","20.483909491","192.168.1.154","140.82.114.21","TLSv1.3","1780","Change Cipher Spec, Application Data, Application Data"
"188","20.541669462","140.82.114.21","192.168.1.154","TLSv1.3","1354","Server Hello, Change Cipher Spec, Application Data"
"189","20.541744004","192.168.1.154","140.82.114.21","TCP","66","47410  >  443 [ACK] Seq=518 Ack=1289 Win=63104 Len=0 TSval=1319163815 TSecr=3616177221"
"190","20.545021449","140.82.114.21","192.168.1.154","TLSv1.3","2350","Application Data, Application Data, Application Data"
"191","20.545060964","192.168.1.154","140.82.114.21","TCP","66","47410  >  443 [ACK] Seq=518 Ack=3573 Win=61056 Len=0 TSval=1319163818 TSecr=3616177221"
"192","20.547728607","192.168.1.154","140.82.114.21","TLSv1.3","1604","Change Cipher Spec, Application Data, Application Data"
"193","20.623446529","140.82.114.21","192.168.1.154","TCP","66","443  >  47394 [ACK] Seq=3573 Ack=2232 Win=72704 Len=0 TSval=267764298 TSecr=1319163757"
"194","20.625657053","140.82.114.21","192.168.1.154","TLSv1.3","145","Application Data"
"195","20.625657337","140.82.114.21","192.168.1.154","TLSv1.3","145","Application Data"
"196","20.625913667","192.168.1.154","140.82.114.21","TCP","66","47394  >  443 [ACK] Seq=2232 Ack=3731 Win=64128 Len=0 TSval=1319163899 TSecr=267764298"
"197","20.704020481","140.82.114.21","192.168.1.154","TCP","66","443  >  47410 [ACK] Seq=3573 Ack=2056 Win=70656 Len=0 TSval=3616177393 TSecr=1319163821"
"198","20.713689840","140.82.114.21","192.168.1.154","TLSv1.3","145","Application Data"
"199","20.719440891","140.82.114.21","192.168.1.154","TLSv1.3","145","Application Data"
"200","20.719524329","192.168.1.154","140.82.114.21","TCP","66","47410  >  443 [ACK] Seq=2056 Ack=3731 Win=64128 Len=0 TSval=1319163992 TSecr=3616177393"
"201","20.824645107","192.168.1.154","142.250.102.188","TCP","66","44574  >  443 [ACK] Seq=1 Ack=1 Win=501 Len=0 TSval=1472890714 TSecr=1679134637"
"202","20.870880817","142.250.102.188","192.168.1.154","TCP","66","[TCP ACKed unseen segment] 443  >  44574 [ACK] Seq=1 Ack=2 Win=265 Len=0 TSval=1679179677 TSecr=1472890714"
"203","21.067523837","140.82.114.21","192.168.1.154","TCP","66","[TCP Previous segment not captured] 443  >  47410 [FIN, ACK] Seq=4544 Ack=2056 Win=70656 Len=0 TSval=3616177685 TSecr=1319163992"
"204","21.067525593","140.82.114.21","192.168.1.154","TLSv1.3","857","Application Data"
"205","21.067525859","140.82.114.21","192.168.1.154","TLSv1.3","90","Application Data"
"206","21.067525964","140.82.114.21","192.168.1.154","TCP","66","443  >  47394 [FIN, ACK] Seq=4546 Ack=2232 Win=72704 Len=0 TSval=267764675 TSecr=1319163899"
"207","21.067582380","192.168.1.154","140.82.114.21","TCP","78","[TCP Dup ACK 200#1] 47410  >  443 [ACK] Seq=2056 Ack=3731 Win=64128 Len=0 TSval=1319164340 TSecr=3616177393 SLE=4544 SRE=4545"
"208","21.067524124","140.82.114.21","192.168.1.154","TCP","855","[TCP Out-Of-Order] 443  >  47410 [PSH, ACK] Seq=3731 Ack=2056 Win=70656 Len=789 TSval=3616177685 TSecr=1319163992"
"209","21.067629625","192.168.1.154","140.82.114.21","TCP","78","47410  >  443 [ACK] Seq=2056 Ack=4520 Win=63360 Len=0 TSval=1319164341 TSecr=3616177685 SLE=4544 SRE=4545"
"210","21.067838895","192.168.1.154","140.82.114.21","TCP","66","47394  >  443 [ACK] Seq=2232 Ack=4547 Win=64128 Len=0 TSval=1319164341 TSecr=267764675"
"211","21.069187128","192.168.1.154","140.82.114.21","TLSv1.3","90","Application Data"
"212","21.070935420","192.168.1.154","140.82.114.21","TLSv1.3","102","Application Data"
"213","21.071910849","192.168.1.154","140.82.114.21","TCP","66","47394  >  443 [FIN, ACK] Seq=2256 Ack=4547 Win=64128 Len=0 TSval=1319164345 TSecr=267764675"
"214","21.072159484","192.168.1.154","140.82.114.21","TCP","78","47410  >  443 [FIN, ACK] Seq=2080 Ack=4520 Win=64128 Len=0 TSval=1319164345 TSecr=3616177685 SLE=4544 SRE=4545"
"215","21.075035808","140.82.114.21","192.168.1.154","TCP","90","[TCP Out-Of-Order] 443  >  47410 [PSH, ACK] Seq=4520 Ack=2056 Win=70656 Len=24 TSval=3616177685 TSecr=1319163992"
"216","21.075105585","192.168.1.154","140.82.114.21","TCP","54","47410  >  443 [RST] Seq=2056 Win=0 Len=0"
"217","21.291917987","140.82.114.21","192.168.1.154","TCP","54","443  >  47394 [RST] Seq=4547 Win=0 Len=0"
"218","22.868762711","192.168.1.154","35.186.224.25","TCP","66","34182  >  443 [ACK] Seq=1 Ack=1 Win=501 Len=0 TSval=714044237 TSecr=2665000340"
"219","22.902132407","35.186.224.25","192.168.1.154","TCP","66","[TCP ACKed unseen segment] 443  >  34182 [ACK] Seq=1 Ack=2 Win=261 Len=0 TSval=2665045400 TSecr=714044237"
"220","23.181386356","192.168.1.154","35.204.62.198","TLSv1.2","127","Application Data"
"221","23.224882572","35.204.62.198","192.168.1.154","TLSv1.2","123","Application Data"
"222","23.224940647","192.168.1.154","35.204.62.198","TCP","66","47812  >  443 [ACK] Seq=62 Ack=58 Win=501 Len=0 TSval=80399923 TSecr=3335213484"
"223","24.751686997","Teltonik_27:e8:5c","Broadcast","ARP","42","Who has 192.168.1.149? Tell 192.168.1.1"
"224","25.776772697","Teltonik_27:e8:5c","Broadcast","ARP","42","Who has 192.168.1.149? Tell 192.168.1.1"
"225","26.558712725","192.168.1.154","162.159.134.234","TLSv1.2","117","Application Data"
"226","26.598236846","162.159.134.234","192.168.1.154","TCP","66","443  >  37010 [ACK] Seq=1 Ack=52 Win=7 Len=0 TSval=1086239071 TSecr=3243543665"
"227","26.698292321","162.159.134.234","192.168.1.154","TLSv1.2","98","Application Data"
"228","26.698380942","192.168.1.154","162.159.134.234","TCP","66","37010  >  443 [ACK] Seq=52 Ack=33 Win=501 Len=0 TSval=3243543804 TSecr=1086239170"
"229","26.918133266","192.168.1.154","34.36.232.77","TLSv1.2","101","Application Data"
"230","26.964632512","192.168.1.154","104.16.153.25","TCP","66","37908  >  443 [ACK] Seq=1 Ack=1 Win=924 Len=0 TSval=1682168076 TSecr=3729138526"
"231","26.972034670","34.36.232.77","192.168.1.154","TLSv1.2","97","Application Data"
"232","26.972076658","192.168.1.154","34.36.232.77","TCP","66","42102  >  443 [ACK] Seq=36 Ack=32 Win=501 Len=0 TSval=1233554558 TSecr=243728874"
"233","26.972630984","192.168.1.154","151.101.66.137","TCP","66","44430  >  443 [ACK] Seq=1 Ack=1 Win=501 Len=0 TSval=846383423 TSecr=2590537040"
"234","26.976633284","192.168.1.154","151.101.38.133","TCP","66","36244  >  443 [ACK] Seq=1 Ack=1 Win=501 Len=0 TSval=2176812752 TSecr=134647156"
"235","26.993031002","104.16.153.25","192.168.1.154","TCP","66","[TCP ACKed unseen segment] 443  >  37908 [ACK] Seq=1 Ack=2 Win=8 Len=0 TSval=3729183558 TSecr=1682168076"
"236","27.007210426","151.101.66.137","192.168.1.154","TCP","66","[TCP ACKed unseen segment] 443  >  44430 [ACK] Seq=1 Ack=2 Win=284 Len=0 TSval=2590582088 TSecr=846383423"
"237","27.022248675","151.101.38.133","192.168.1.154","TCP","66","[TCP ACKed unseen segment] 443  >  36244 [ACK] Seq=1 Ack=2 Win=284 Len=0 TSval=134692219 TSecr=2176812752"
"238","27.821747239","Teltonik_27:e8:5c","Broadcast","ARP","42","Who has 192.168.1.149? Tell 192.168.1.1"
"239","28.029698295","Teltonik_27:e8:5c","IntelCor_ad:4f:1c","ARP","42","Who has 192.168.1.154? Tell 192.168.1.1"
"240","28.029720429","IntelCor_ad:4f:1c","Teltonik_27:e8:5c","ARP","42","192.168.1.154 is at 98:3b:8f:ad:4f:1c"
"241","28.845985688","Teltonik_27:e8:5c","Broadcast","ARP","42","Who has 192.168.1.149? Tell 192.168.1.1"
"242","28.948587078","fe80::5f44:20b3:b13b:1b3b","ff02::2","ICMPv6","62","Router Solicitation"
"243","29.012604790","192.168.1.154","172.64.155.119","TCP","66","41176  >  443 [ACK] Seq=1 Ack=1 Win=501 Len=0 TSval=445634985 TSecr=2940732716"
"244","29.012648713","192.168.1.154","18.239.50.70","TCP","66","42558  >  443 [ACK] Seq=1 Ack=1 Win=12419 Len=0 TSval=773858312 TSecr=2919484486"
"245","29.012677387","192.168.1.154","104.18.131.236","TCP","66","60212  >  443 [ACK] Seq=1 Ack=1 Win=908 Len=0 TSval=817603997 TSecr=3242093867"
"246","29.012703055","192.168.1.154","65.9.86.118","TCP","66","43118  >  443 [ACK] Seq=1 Ack=1 Win=1789 Len=0 TSval=2334081726 TSecr=2742367925"
"247","29.012725776","192.168.1.154","54.69.252.188","TCP","66","60560  >  443 [ACK] Seq=1 Ack=1 Win=501 Len=0 TSval=1061758126 TSecr=2335814151"
"248","29.057273455","172.64.155.119","192.168.1.154","TCP","66","[TCP ACKed unseen segment] 443  >  41176 [ACK] Seq=1 Ack=2 Win=8 Len=0 TSval=2940777776 TSecr=445634985"
"249","29.060182287","18.239.50.70","192.168.1.154","TCP","66","[TCP ACKed unseen segment] 443  >  42558 [ACK] Seq=1 Ack=2 Win=248 Len=0 TSval=2919529562 TSecr=773858312"
"250","29.069972559","65.9.86.118","192.168.1.154","TCP","66","[TCP ACKed unseen segment] 443  >  43118 [ACK] Seq=1 Ack=2 Win=133 Len=0 TSval=2742413002 TSecr=2334081726"
"251","29.070888006","104.18.131.236","192.168.1.154","TCP","66","[TCP ACKed unseen segment] 443  >  60212 [ACK] Seq=1 Ack=2 Win=8 Len=0 TSval=3242138944 TSecr=817603997"
"252","29.262379269","54.69.252.188","192.168.1.154","TCP","66","[TCP ACKed unseen segment] 443  >  60560 [ACK] Seq=1 Ack=2 Win=114 Len=0 TSval=2335860962 TSecr=1061758126"
"253","29.665257876","Teltonik_27:e8:5c","Broadcast","ARP","42","Who has 192.168.1.149? Tell 192.168.1.1"
"254","30.292687482","192.168.1.154","35.186.224.25","TCP","66","52140  >  443 [ACK] Seq=1 Ack=1 Win=582 Len=0 TSval=714051661 TSecr=3884615830"
"255","30.335030046","35.186.224.25","192.168.1.154","TCP","66","[TCP ACKed unseen segment] 443  >  52140 [ACK] Seq=1 Ack=2 Win=321 Len=0 TSval=3884660998 TSecr=714051661"
"256","30.537595950","192.168.1.154","52.97.170.34","UDP","77","60557  >  443 Len=35"
"257","30.613085813","52.97.170.34","192.168.1.154","UDP","70","443  >  60557 Len=28"
"258","31.060678924","192.168.1.154","104.18.131.236","TCP","66","54926  >  443 [ACK] Seq=1 Ack=1 Win=1776 Len=0 TSval=817606045 TSecr=3684203517"
"259","31.064637415","192.168.1.154","18.239.83.47","TCP","66","59978  >  443 [ACK] Seq=1 Ack=1 Win=622 Len=0 TSval=1157985589 TSecr=2714423956"
"260","31.094344215","104.18.131.236","192.168.1.154","TCP","66","[TCP ACKed unseen segment] 443  >  54926 [ACK] Seq=1 Ack=2 Win=8 Len=0 TSval=3684248561 TSecr=817606045"
"261","31.107359664","18.239.83.47","192.168.1.154","TCP","66","[TCP ACKed unseen segment] 443  >  59978 [ACK] Seq=1 Ack=2 Win=133 Len=0 TSval=2714469016 TSecr=1157985589"
"262","32.737444208","Hangzhou_22:b6:73","Broadcast","ARP","60","Who has 192.168.1.1? Tell 192.168.1.63"
"263","33.108681660","192.168.1.154","82.145.216.15","TCP","66","45372  >  443 [ACK] Seq=1 Ack=1 Win=501 Len=0 TSval=2390640894 TSecr=1024169407"
"264","33.177498927","82.145.216.15","192.168.1.154","TCP","54","443  >  45372 [RST] Seq=1 Win=0 Len=0"
"265","33.765783390","185.26.182.118","192.168.1.154","TLSv1.2","105","[TCP ACKed unseen segment] , Application Data"
"266","33.765849172","192.168.1.154","185.26.182.118","TCP","66","[TCP Previous segment not captured] 39372  >  443 [ACK] Seq=2 Ack=40 Win=501 Len=0 TSval=2579672268 TSecr=3904987182"
"267","33.766509477","192.168.1.154","185.26.182.118","TCP","66","39372  >  443 [FIN, ACK] Seq=2 Ack=40 Win=501 Len=0 TSval=2579672268 TSecr=3904987182"
"268","33.766566378","185.26.182.118","192.168.1.154","TLSv1.2","90","[TCP ACKed unseen segment] , Application Data"
"269","33.766630196","192.168.1.154","185.26.182.118","TCP","54","39372  >  443 [RST] Seq=2 Win=0 Len=0"
"270","33.772055822","185.26.182.118","192.168.1.154","TCP","66","443  >  39372 [FIN, ACK] Seq=64 Ack=2 Win=83 Len=0 TSval=3904987182 TSecr=2579652155"
"271","33.772099296","192.168.1.154","185.26.182.118","TCP","54","39372  >  443 [RST] Seq=2 Win=0 Len=0"
"272","34.069710531","82.145.216.16","192.168.1.154","TLSv1.2","90","[TCP ACKed unseen segment] , Application Data"
"273","34.069766244","192.168.1.154","82.145.216.16","TCP","66","[TCP Previous segment not captured] 44548  >  443 [ACK] Seq=2 Ack=25 Win=501 Len=0 TSval=4007848453 TSecr=1676156716"
"274","34.070629654","82.145.216.16","192.168.1.154","TCP","66","[TCP ACKed unseen segment] 443  >  44548 [FIN, ACK] Seq=25 Ack=2 Win=84 Len=0 TSval=1676156716 TSecr=4007829060"
"275","34.112674663","192.168.1.154","82.145.216.16","TCP","66","44548  >  443 [ACK] Seq=2 Ack=26 Win=501 Len=0 TSval=4007848496 TSecr=1676156716"
"276","34.218564450","192.168.1.154","192.168.1.1","DNS","96","Standard query 0x2ba1 A confluencewor.aimsites.nl OPT"
"277","34.218780577","192.168.1.154","192.168.1.1","DNS","96","Standard query 0x26e8 HTTPS confluencewor.aimsites.nl OPT"
"278","34.222356251","192.168.1.1","192.168.1.154","DNS","112","Standard query response 0x2ba1 A confluencewor.aimsites.nl A 145.74.104.31 OPT"
"279","34.227992091","192.168.1.154","142.250.179.174","TCP","66","[TCP Previous segment not captured] 48538  >  443 [FIN, ACK] Seq=2 Ack=1 Win=501 Len=0 TSval=560904423 TSecr=1697681471"
"280","34.228071626","192.168.1.154","142.251.36.46","TCP","66","[TCP Previous segment not captured] 52438  >  443 [FIN, ACK] Seq=2 Ack=1 Win=501 Len=0 TSval=1188363512 TSecr=3274185430"
"281","34.228106434","192.168.1.154","142.250.179.206","TCP","66","[TCP Previous segment not captured] 53924  >  443 [FIN, ACK] Seq=2 Ack=1 Win=501 Len=0 TSval=220993229 TSecr=3845078205"
"282","34.228139153","192.168.1.154","142.250.179.214","TCP","66","[TCP Previous segment not captured] 57876  >  443 [FIN, ACK] Seq=2 Ack=1 Win=501 Len=0 TSval=2772869085 TSecr=490647795"
"283","34.228175076","192.168.1.154","142.250.179.202","TCP","66","[TCP Previous segment not captured] 47210  >  443 [FIN, ACK] Seq=2 Ack=1 Win=501 Len=0 TSval=357633704 TSecr=3785847835"
"284","34.228210629","192.168.1.154","142.251.36.35","TCP","66","[TCP Previous segment not captured] 46924  >  443 [FIN, ACK] Seq=2 Ack=1 Win=501 Len=0 TSval=2097594303 TSecr=2585142165"
"285","34.228241673","192.168.1.154","142.251.36.35","TCP","66","[TCP Previous segment not captured] 34824  >  443 [FIN, ACK] Seq=2 Ack=1 Win=501 Len=0 TSval=2097594303 TSecr=2550056612"
"286","34.228271804","192.168.1.154","172.217.23.206","TCP","66","[TCP Previous segment not captured] 35252  >  443 [FIN, ACK] Seq=2 Ack=1 Win=501 Len=0 TSval=726108261 TSecr=2736494500"
"287","34.228301579","192.168.1.154","172.217.23.206","TCP","66","[TCP Previous segment not captured] 35260  >  443 [FIN, ACK] Seq=2 Ack=1 Win=501 Len=0 TSval=726108261 TSecr=1451018747"
"288","34.228444836","192.168.1.154","145.74.104.31","TCP","74","52924  >  443 [SYN] Seq=0 Win=64240 Len=0 MSS=1460 SACK_PERM=1 TSval=4288285973 TSecr=0 WS=128"
"289","34.263174246","142.250.179.174","192.168.1.154","TCP","66","[TCP ACKed unseen segment] 443  >  48538 [FIN, ACK] Seq=1 Ack=3 Win=261 Len=0 TSval=1697700972 TSecr=560904423"
"290","34.263210080","192.168.1.154","142.250.179.174","TCP","66","48538  >  443 [ACK] Seq=3 Ack=2 Win=501 Len=0 TSval=560904458 TSecr=1697700972"
"291","34.268469750","142.250.179.214","192.168.1.154","TCP","66","[TCP ACKed unseen segment] 443  >  57876 [FIN, ACK] Seq=1 Ack=3 Win=261 Len=0 TSval=490673445 TSecr=2772869085"
"292","34.268494636","192.168.1.154","142.250.179.214","TCP","66","57876  >  443 [ACK] Seq=3 Ack=2 Win=501 Len=0 TSval=2772869125 TSecr=490673445"
"293","34.269330058","142.250.179.206","192.168.1.154","TCP","66","[TCP ACKed unseen segment] 443  >  53924 [FIN, ACK] Seq=1 Ack=3 Win=261 Len=0 TSval=3845097733 TSecr=220993229"
"294","34.269331183","172.217.23.206","192.168.1.154","TCP","66","[TCP ACKed unseen segment] 443  >  35252 [FIN, ACK] Seq=1 Ack=3 Win=261 Len=0 TSval=2736518130 TSecr=726108261"
"295","34.269332908","142.250.179.202","192.168.1.154","TCP","66","[TCP ACKed unseen segment] 443  >  47210 [FIN, ACK] Seq=1 Ack=3 Win=261 Len=0 TSval=3785869436 TSecr=357633704"
"296","34.269346634","192.168.1.154","142.250.179.206","TCP","66","53924  >  443 [ACK] Seq=3 Ack=2 Win=501 Len=0 TSval=220993270 TSecr=3845097733"
"297","34.269353772","192.168.1.154","172.217.23.206","TCP","66","35252  >  443 [ACK] Seq=3 Ack=2 Win=501 Len=0 TSval=726108302 TSecr=2736518130"
"298","34.269361938","192.168.1.154","142.250.179.202","TCP","66","47210  >  443 [ACK] Seq=3 Ack=2 Win=501 Len=0 TSval=357633745 TSecr=3785869436"
"299","34.269332995","142.251.36.46","192.168.1.154","TCP","66","[TCP ACKed unseen segment] 443  >  52438 [FIN, ACK] Seq=1 Ack=3 Win=261 Len=0 TSval=3274204950 TSecr=1188363512"
"300","34.269380086","192.168.1.154","142.251.36.46","TCP","66","52438  >  443 [ACK] Seq=3 Ack=2 Win=501 Len=0 TSval=1188363553 TSecr=3274204950"
"301","34.269333033","142.251.36.35","192.168.1.154","TCP","66","[TCP ACKed unseen segment] 443  >  34824 [FIN, ACK] Seq=1 Ack=3 Win=261 Len=0 TSval=2550076132 TSecr=2097594303"
"302","34.269390493","192.168.1.154","142.251.36.35","TCP","66","34824  >  443 [ACK] Seq=3 Ack=2 Win=501 Len=0 TSval=2097594344 TSecr=2550076132"
"303","34.273218453","142.251.36.35","192.168.1.154","TCP","66","[TCP ACKed unseen segment] 443  >  46924 [FIN, ACK] Seq=1 Ack=3 Win=261 Len=0 TSval=2585163774 TSecr=2097594303"
"304","34.273250304","192.168.1.154","142.251.36.35","TCP","66","46924  >  443 [ACK] Seq=3 Ack=2 Win=501 Len=0 TSval=2097594348 TSecr=2585163774"
"305","34.286097075","172.217.23.206","192.168.1.154","TCP","66","[TCP ACKed unseen segment] 443  >  35260 [FIN, ACK] Seq=1 Ack=3 Win=261 Len=0 TSval=1451042394 TSecr=726108261"
"306","34.286127710","192.168.1.154","172.217.23.206","TCP","66","35260  >  443 [ACK] Seq=3 Ack=2 Win=501 Len=0 TSval=726108319 TSecr=1451042394"
"307","34.294389687","145.74.104.31","192.168.1.154","TCP","74","443  >  52924 [SYN, ACK] Seq=0 Ack=1 Win=65160 Len=0 MSS=1300 SACK_PERM=1 TSval=1157062167 TSecr=4288285973 WS=128"
"308","34.294424247","192.168.1.154","145.74.104.31","TCP","66","52924  >  443 [ACK] Seq=1 Ack=1 Win=64256 Len=0 TSval=4288286039 TSecr=1157062167"
"309","34.294825344","192.168.1.154","145.74.104.31","TLSv1.3","835","Client Hello"
"310","34.295628754","192.168.1.1","192.168.1.154","DNS","150","Standard query response 0x26e8 HTTPS confluencewor.aimsites.nl SOA ns.han.nl OPT"
"311","34.346314509","145.74.104.31","192.168.1.154","TCP","66","443  >  52924 [ACK] Seq=1 Ack=770 Win=64512 Len=0 TSval=1157062237 TSecr=4288286040"
"312","34.355779013","145.74.104.31","192.168.1.154","TLSv1.3","452","Server Hello, Change Cipher Spec, Application Data, Application Data, Application Data"
"313","34.355841825","192.168.1.154","145.74.104.31","TCP","66","52924  >  443 [ACK] Seq=770 Ack=387 Win=63872 Len=0 TSval=4288286101 TSecr=1157062237"
"314","34.356590779","192.168.1.154","145.74.104.31","TLSv1.3","130","Change Cipher Spec, Application Data"
"315","34.356958458","192.168.1.154","145.74.104.31","TLSv1.3","158","Application Data"
"316","34.357345118","192.168.1.154","145.74.104.31","TLSv1.3","1237","Application Data"
"317","34.392797608","192.168.1.154","35.186.224.17","TCP","66","38794  >  443 [ACK] Seq=1 Ack=1 Win=501 Len=0 TSval=2986148684 TSecr=2390306520"
"318","34.400676407","145.74.104.31","192.168.1.154","TCP","66","443  >  52924 [ACK] Seq=387 Ack=926 Win=64384 Len=0 TSval=1157062288 TSecr=4288286102"
"319","34.403389083","145.74.104.31","192.168.1.154","TLSv1.3","121","Application Data"
"320","34.403389405","145.74.104.31","192.168.1.154","TLSv1.3","110","Application Data"
"321","34.403389578","145.74.104.31","192.168.1.154","TLSv1.3","236","Application Data"
"322","34.403389734","145.74.104.31","192.168.1.154","TLSv1.3","225","Application Data"
"323","34.403578923","192.168.1.154","145.74.104.31","TCP","66","52924  >  443 [ACK] Seq=2097 Ack=815 Win=64128 Len=0 TSval=4288286148 TSecr=1157062288"
"324","34.407034920","192.168.1.154","145.74.104.31","TLSv1.3","97","Application Data"
"325","34.428601758","35.186.224.17","192.168.1.154","TCP","66","[TCP ACKed unseen segment] 443  >  38794 [ACK] Seq=1 Ack=2 Win=381 Len=0 TSval=2390351681 TSecr=2986148684"
"326","34.477812795","145.74.104.31","192.168.1.154","TCP","66","443  >  52924 [ACK] Seq=815 Ack=2128 Win=64128 Len=0 TSval=1157062371 TSecr=4288286152"
"327","35.503776406","52.97.170.34","192.168.1.154","UDP","81","443  >  60557 Len=39"
"328","35.511084128","192.168.1.154","52.97.170.34","UDP","81","60557  >  443 Len=39"
"329","35.534738562","140.82.121.6","192.168.1.154","TLSv1.3","105","Application Data"
"330","35.534739103","140.82.121.6","192.168.1.154","TLSv1.3","90","Application Data"
"331","35.534739270","140.82.121.6","192.168.1.154","TCP","66","443  >  33644 [FIN, ACK] Seq=4741 Ack=845 Win=68608 Len=0 TSval=3294029416 TSecr=881358876"
"332","35.535025402","192.168.1.154","140.82.121.6","TCP","66","33644  >  443 [ACK] Seq=845 Ack=4742 Win=64128 Len=0 TSval=881388869 TSecr=3294029416"
"333","35.536531808","192.168.1.154","140.82.121.6","TLSv1.3","122","Application Data"
"334","35.536911140","192.168.1.154","140.82.121.6","TCP","66","33644  >  443 [FIN, ACK] Seq=901 Ack=4742 Win=64128 Len=0 TSval=881388871 TSecr=3294029416"
"335","35.586053000","140.82.121.6","192.168.1.154","TCP","54","443  >  33644 [RST] Seq=4742 Win=0 Len=0"
"336","35.631714082","140.82.121.6","192.168.1.154","TLSv1.3","105","Application Data"
"337","35.631714457","140.82.121.6","192.168.1.154","TLSv1.3","90","Application Data"
"338","35.631942965","192.168.1.154","140.82.121.6","TCP","66","33646  >  443 [ACK] Seq=849 Ack=4741 Win=64128 Len=0 TSval=881388966 TSecr=2925126260"
"339","35.632193217","140.82.121.6","192.168.1.154","TCP","66","443  >  33646 [FIN, ACK] Seq=4741 Ack=849 Win=68608 Len=0 TSval=2925126260 TSecr=881358972"
"340","35.632518749","192.168.1.154","140.82.121.6","TLSv1.3","122","Application Data"
"341","35.632799850","192.168.1.154","140.82.121.6","TCP","66","33646  >  443 [FIN, ACK] Seq=905 Ack=4742 Win=64128 Len=0 TSval=881388967 TSecr=2925126260"
"342","35.664974850","140.82.121.6","192.168.1.154","TCP","54","443  >  33646 [RST] Seq=4742 Win=0 Len=0"
"343","39.256679140","192.168.1.154","172.64.155.119","TCP","66","44122  >  443 [ACK] Seq=1 Ack=1 Win=501 Len=0 TSval=445645229 TSecr=555913094"
"344","39.292859462","172.64.155.119","192.168.1.154","TCP","66","[TCP ACKed unseen segment] 443  >  44122 [ACK] Seq=1 Ack=2 Win=8 Len=0 TSval=555958164 TSecr=445645229"
"345","41.247323518","192.168.1.154","224.0.0.251","MDNS","87","Standard query 0x0000 PTR _spotify-connect._tcp.local, ""QM"" question"
"346","41.247481498","fe80::5f44:20b3:b13b:1b3b","ff02::fb","MDNS","107","Standard query 0x0000 PTR _spotify-connect._tcp.local, ""QM"" question"
"347","41.300687101","192.168.1.154","52.109.28.47","TCP","54","41046  >  443 [ACK] Seq=1 Ack=1 Win=501 Len=0"
"348","41.353827190","52.109.28.47","192.168.1.154","TCP","54","[TCP ACKed unseen segment] 443  >  41046 [ACK] Seq=1 Ack=2 Win=2051 Len=0"
"349","42.772869135","Teltonik_27:e8:5c","Broadcast","ARP","42","Who has 192.168.1.149? Tell 192.168.1.1"
"350","43.081717738","192.168.1.154","239.255.255.250","SSDP","167","M-SEARCH * HTTP/1.1 "
"351","43.736693580","IntelCor_ad:4f:1c","Teltonik_27:e8:5e","IPv4","14","[Malformed Packet]"
"352","43.796926262","Teltonik_27:e8:5c","Broadcast","ARP","42","Who has 192.168.1.149? Tell 192.168.1.1"
"353","44.823547741","Teltonik_27:e8:5c","Broadcast","ARP","42","Who has 192.168.1.149? Tell 192.168.1.1"
"354","44.937706766","192.168.1.154","192.168.1.1","DNS","100","Standard query 0xf7f4 A connectivity-check.ubuntu.com OPT"
"355","44.975809891","192.168.1.1","192.168.1.154","DNS","244","Standard query response 0xf7f4 A connectivity-check.ubuntu.com A 91.189.91.49 A 185.125.190.48 A 91.189.91.48 A 185.125.190.17 A 34.122.121.32 A 185.125.190.49 A 35.224.170.84 A 35.232.111.17 A 185.125.190.18 OPT"
"356","44.977162966","192.168.1.154","91.189.91.49","TCP","74","45004  >  80 [SYN] Seq=0 Win=64240 Len=0 MSS=1460 SACK_PERM=1 TSval=2937143186 TSecr=0 WS=128"
"357","45.035850083","192.168.1.154","35.186.224.25","TLSv1.2","289","[TCP Previous segment not captured] , Application Data"
"358","45.036271094","192.168.1.154","35.186.224.25","TLSv1.2","105","Application Data"
"359","45.071481570","35.186.224.25","192.168.1.154","TCP","66","[TCP ACKed unseen segment] 443  >  52140 [ACK] Seq=1 Ack=264 Win=331 Len=0 TSval=3884675740 TSecr=714066404"
"360","45.080026535","35.186.224.25","192.168.1.154","TLSv1.2","105","Application Data"
"361","45.098398334","35.186.224.25","192.168.1.154","TLSv1.2","105","[TCP Previous segment not captured] , Application Data"
"362","45.098459500","192.168.1.154","35.186.224.25","TCP","78","52140  >  443 [ACK] Seq=264 Ack=40 Win=602 Len=0 TSval=714066466 TSecr=3884675741 SLE=456 SRE=495"
"363","45.099303283","91.189.91.49","192.168.1.154","TCP","74","80  >  45004 [SYN, ACK] Seq=0 Ack=1 Win=65160 Len=0 MSS=1300 SACK_PERM=1 TSval=3943383179 TSecr=2937143186 WS=128"
"364","45.099372638","192.168.1.154","91.189.91.49","TCP","66","45004  >  80 [ACK] Seq=1 Ack=1 Win=64256 Len=0 TSval=2937143308 TSecr=3943383179"
"365","45.099577903","192.168.1.154","91.189.91.49","HTTP","153","GET / HTTP/1.1 "
"366","45.102188863","35.186.224.25","192.168.1.154","TCP","138","[TCP Retransmission] 443  >  52140 [PSH, ACK] Seq=40 Ack=264 Win=331 Len=72 TSval=3884675760 TSecr=714066404"
"367","45.102236943","192.168.1.154","35.186.224.25","TCP","78","52140  >  443 [ACK] Seq=264 Ack=112 Win=602 Len=0 TSval=714066470 TSecr=3884675760 SLE=456 SRE=495"
"368","45.106581810","35.186.224.25","192.168.1.154","TCP","410","[TCP Retransmission] 443  >  52140 [PSH, ACK] Seq=112 Ack=264 Win=331 Len=344 TSval=3884675760 TSecr=714066404"
"369","45.106649319","192.168.1.154","35.186.224.25","TCP","66","52140  >  443 [ACK] Seq=264 Ack=495 Win=622 Len=0 TSval=714066475 TSecr=3884675760"
"370","45.107676743","192.168.1.154","35.186.224.25","TLSv1.2","101","Application Data"
"371","45.107747168","192.168.1.154","35.186.224.25","TLSv1.2","105","Application Data"
"372","45.141536531","35.186.224.25","192.168.1.154","TCP","66","443  >  52140 [ACK] Seq=495 Ack=338 Win=331 Len=0 TSval=3884675812 TSecr=714066476"
"373","45.226980499","91.189.91.49","192.168.1.154","HTTP","255","HTTP/1.1 204 No Content "
"374","45.227071954","192.168.1.154","91.189.91.49","TCP","66","45004  >  80 [ACK] Seq=88 Ack=190 Win=64128 Len=0 TSval=2937143436 TSecr=3943383318"
"375","45.227285461","192.168.1.154","91.189.91.49","TCP","66","45004  >  80 [FIN, ACK] Seq=88 Ack=190 Win=64128 Len=0 TSval=2937143436 TSecr=3943383318"
"376","45.237087356","91.189.91.49","192.168.1.154","TCP","66","80  >  45004 [FIN, ACK] Seq=190 Ack=88 Win=65152 Len=0 TSval=3943383319 TSecr=2937143309"
"377","45.237143336","192.168.1.154","91.189.91.49","TCP","66","45004  >  80 [ACK] Seq=89 Ack=191 Win=64128 Len=0 TSval=2937143446 TSecr=3943383319"
"378","45.439760086","91.189.91.49","192.168.1.154","TCP","66","80  >  45004 [ACK] Seq=191 Ack=89 Win=65152 Len=0 TSval=3943383437 TSecr=2937143446"
"379","46.664341285","Teltonik_27:e8:5c","Broadcast","ARP","42","Who has 192.168.1.149? Tell 192.168.1.1"
"380","47.444755007","192.168.1.154","104.26.3.5","TCP","66","[TCP Dup ACK 3#1] 47162  >  443 [ACK] Seq=1 Ack=1 Win=501 Len=0 TSval=2692244828 TSecr=235086041"
"381","47.501158764","104.26.3.5","192.168.1.154","TCP","66","[TCP Dup ACK 4#1] [TCP ACKed unseen segment] 443  >  47162 [ACK] Seq=1 Ack=2 Win=8 Len=0 TSval=235131099 TSecr=2692244828"
"382","48.206306173","192.168.1.154","34.158.0.131","TCP","77","36420  >  4070 [PSH, ACK] Seq=1 Ack=1 Win=501 Len=11 TSval=2583654974 TSecr=1924832074"
"383","48.256650939","34.158.0.131","192.168.1.154","TCP","77","4070  >  36420 [PSH, ACK] Seq=1 Ack=12 Win=16 Len=11 TSval=1924892210 TSecr=2583654974[Malformed Packet]"
"384","48.256696251","192.168.1.154","34.158.0.131","TCP","66","36420  >  4070 [ACK] Seq=12 Ack=12 Win=501 Len=0 TSval=2583655025 TSecr=1924892210"
"385","48.256932082","192.168.1.154","192.168.1.255","UDP","86","57621  >  57621 Len=44"
"386","48.687095969","192.168.1.154","34.111.115.192","TLSv1.2","109","Application Data"
"387","48.771609096","34.111.115.192","192.168.1.154","TLSv1.2","106","Application Data"
"388","48.771669648","192.168.1.154","34.111.115.192","TCP","66","33896  >  443 [ACK] Seq=87 Ack=81 Win=501 Len=0 TSval=1087430883 TSecr=2382794514"
"389","49.111900005","192.168.1.154","35.186.224.17","TLSv1.2","146","[TCP Previous segment not captured] , Application Data"
"390","49.111968042","192.168.1.154","35.186.224.17","TLSv1.2","1666","Application Data, Application Data"
"391","49.224745857","192.168.1.154","35.186.224.17","TCP","378","[TCP Retransmission] 38794  >  443 [PSH, ACK] Seq=1370 Ack=1 Win=501 Len=312 TSval=2986163516 TSecr=2390351681"
"392","49.251266630","35.186.224.17","192.168.1.154","TLSv1.2","105","[TCP ACKed unseen segment] [TCP Previous segment not captured] , Application Data"
"393","49.251331850","192.168.1.154","35.186.224.17","TCP","78","[TCP Dup ACK 317#1] 38794  >  443 [ACK] Seq=1682 Ack=1 Win=501 Len=0 TSval=2986163542 TSecr=2390351681 SLE=246 SRE=285"
"394","49.257471251","35.186.224.17","192.168.1.154","TCP","66","443  >  38794 [ACK] Seq=1 Ack=1370 Win=391 Len=0 TSval=2390366414 TSecr=2986163403"
"395","49.258797354","35.186.224.17","192.168.1.154","TCP","105","[TCP Retransmission] 443  >  38794 [PSH, ACK] Seq=1 Ack=1682 Win=402 Len=39 TSval=2390366414 TSecr=2986163403"
"396","49.258858406","192.168.1.154","35.186.224.17","TCP","78","38794  >  443 [ACK] Seq=1682 Ack=40 Win=501 Len=0 TSval=2986163550 TSecr=2390366414 SLE=246 SRE=285"
"397","49.259569020","35.186.224.17","192.168.1.154","TCP","134","[TCP Retransmission] 443  >  38794 [PSH, ACK] Seq=40 Ack=1682 Win=402 Len=68 TSval=2390366460 TSecr=2986163403"
"398","49.259629027","192.168.1.154","35.186.224.17","TCP","78","38794  >  443 [ACK] Seq=1682 Ack=108 Win=501 Len=0 TSval=2986163551 TSecr=2390366460 SLE=246 SRE=285"
"399","49.259569343","35.186.224.17","192.168.1.154","TCP","204","[TCP Retransmission] 443  >  38794 [PSH, ACK] Seq=108 Ack=1682 Win=402 Len=138 TSval=2390366460 TSecr=2986163403"
"400","49.259680573","192.168.1.154","35.186.224.17","TCP","66","38794  >  443 [ACK] Seq=1682 Ack=285 Win=500 Len=0 TSval=2986163551 TSecr=2390366460"
"401","49.260300983","192.168.1.154","35.186.224.17","TLSv1.2","101","Application Data"
"402","49.260374375","192.168.1.154","35.186.224.17","TLSv1.2","105","Application Data"
"403","49.293809064","35.186.224.17","192.168.1.154","TCP","78","[TCP Dup ACK 395#1] 443  >  38794 [ACK] Seq=285 Ack=1682 Win=402 Len=0 TSval=2390366551 TSecr=2986163551 SLE=1370 SRE=1682"
"404","49.299511085","35.186.224.17","192.168.1.154","TCP","66","443  >  38794 [ACK] Seq=285 Ack=1756 Win=402 Len=0 TSval=2390366551 TSecr=2986163551"
"405","49.568675881","145.74.104.31","192.168.1.154","TCP","66","[TCP Dup ACK 326#1] 443  >  52924 [ACK] Seq=815 Ack=2128 Win=64128 Len=0 TSval=1157077383 TSecr=4288286152"
"406","50.504919938","192.168.1.154","52.97.170.34","UDP","77","60557  >  443 Len=35"
"407","50.682824172","52.97.170.34","192.168.1.154","UDP","70","443  >  60557 Len=28"
"408","50.773094421","192.168.1.154","192.168.1.1","DNS","100","Standard query 0x15af A location.services.mozilla.com OPT"
"409","50.773173235","192.168.1.154","192.168.1.1","DNS","100","Standard query 0xe214 AAAA location.services.mozilla.com OPT"
"410","50.823658288","192.168.1.1","192.168.1.154","DNS","200","Standard query response 0x15af A location.services.mozilla.com CNAME locprod2-elb-us-west-2.prod.mozaws.net A 44.240.238.241 A 35.81.37.98 A 44.238.198.156 OPT"
"411","50.841902690","192.168.1.1","192.168.1.154","DNS","234","Standard query response 0xe214 AAAA location.services.mozilla.com CNAME locprod2-elb-us-west-2.prod.mozaws.net SOA ns-1260.awsdns-29.org OPT"
"412","50.842529394","192.168.1.154","192.168.1.1","DNS","109","Standard query 0xf143 AAAA locprod2-elb-us-west-2.prod.mozaws.net OPT"
"413","50.845466014","192.168.1.1","192.168.1.154","DNS","109","Standard query response 0xf143 AAAA locprod2-elb-us-west-2.prod.mozaws.net OPT"
"414","50.846526134","192.168.1.154","44.240.238.241","TCP","74","36604  >  443 [SYN] Seq=0 Win=64240 Len=0 MSS=1460 SACK_PERM=1 TSval=2969313485 TSecr=0 WS=128"
"415","51.074763011","44.240.238.241","192.168.1.154","TCP","74","443  >  36604 [SYN, ACK] Seq=0 Ack=1 Win=26847 Len=0 MSS=1300 SACK_PERM=1 TSval=322572653 TSecr=2969313485 WS=256"
"416","51.074799522","192.168.1.154","44.240.238.241","TCP","66","36604  >  443 [ACK] Seq=1 Ack=1 Win=64256 Len=0 TSval=2969313714 TSecr=322572653"
"417","51.089486440","192.168.1.154","44.240.238.241","TLSv1.2","583","Client Hello"
"418","51.380696058","44.240.238.241","192.168.1.154","TCP","66","443  >  36604 [ACK] Seq=1 Ack=518 Win=27136 Len=0 TSval=322572934 TSecr=2969313728"
"419","51.383093371","44.240.238.241","192.168.1.154","TLSv1.2","2642","Server Hello"
"420","51.383150590","192.168.1.154","44.240.238.241","TCP","66","36604  >  443 [ACK] Seq=518 Ack=2577 Win=61696 Len=0 TSval=2969314022 TSecr=322572935"
"421","51.390193253","44.240.238.241","192.168.1.154","TLSv1.2","931","Certificate, Server Key Exchange, Server Hello Done"
"422","51.390253175","192.168.1.154","44.240.238.241","TCP","66","36604  >  443 [ACK] Seq=518 Ack=3442 Win=63104 Len=0 TSval=2969314029 TSecr=322572935"
"423","51.397099145","192.168.1.154","44.240.238.241","TLSv1.2","141","Client Key Exchange"
"424","51.397819933","192.168.1.154","44.240.238.241","TLSv1.2","117","Change Cipher Spec, Encrypted Handshake Message"
"425","51.682441879","44.240.238.241","192.168.1.154","TCP","66","443  >  36604 [ACK] Seq=3442 Ack=644 Win=27136 Len=0 TSval=322573227 TSecr=2969314037"
"426","51.686582776","44.240.238.241","192.168.1.154","TLSv1.2","117","Change Cipher Spec, Encrypted Handshake Message"
"427","51.687240405","192.168.1.154","44.240.238.241","TLSv1.2","282","Application Data"
"428","51.688315849","192.168.1.154","44.240.238.241","TLSv1.2","97","Application Data"
"429","52.000273642","44.240.238.241","192.168.1.154","TCP","66","443  >  36604 [ACK] Seq=3493 Ack=891 Win=28160 Len=0 TSval=322573524 TSecr=2969314327"
"430","52.001441251","44.240.238.241","192.168.1.154","TLSv1.2","644","Application Data"
"431","52.044760049","192.168.1.154","44.240.238.241","TCP","66","36604  >  443 [ACK] Seq=891 Ack=4071 Win=64128 Len=0 TSval=2969314684 TSecr=322573527"
"432","52.611952540","Teltonik_27:e8:5c","IntelCor_ad:4f:1c","ARP","42","Who has 192.168.1.154? Tell 192.168.1.1"
"433","52.611968730","IntelCor_ad:4f:1c","Teltonik_27:e8:5c","ARP","42","192.168.1.154 is at 98:3b:8f:ad:4f:1c"
